ward,male,female,total
1,3186.47,3316.53,6503
2,4100.32,4267.68,8368
3,3460.87,3602.13,7063
4,3105.13,3231.87,6337
5,3941.56,4102.44,8044
6,3448.62,3589.38,7038
7,4090.52,4257.48,8348
8,3196.27,3326.73,6523
9,2532.81,2636.19,5169
10,5525.24,5750.76,11276
11,5517.89,5743.11,11261
12,2858.66,2975.34,5834
13,5226.34,5439.66,10666
14,2528.89,2632.11,5161
15,3241.35,3373.65,6615
16,5050.43,5256.57,10307
17,3993.99,4157.01,8151
18,3793.09,3947.91,7741
19,3221.75,3353.25,6575
20,4249.28,4422.72,8672
21,3558.87,3704.13,7263
22,4355.12,4532.88,8888
23,3314.85,3450.15,6765
24,3797.99,3953.01,7751
25,3721.06,3872.94,7594
26,3735.76,3888.24,7624
27,5340.51,5558.49,10899
28,4111.1,4278.9,8390
29,5154.31,5364.69,10519
30,4369.33,4547.67,8917
31,4324.25,4500.75,8825
32,4881.87,5081.13,9963
33,3511.83,3655.17,7167
34,5464.97,5688.03,11153
35,3424.12,3563.88,6988
36,5564.44,5791.56,11356
37,4556.02,4741.98,9298
38,3538.29,3682.71,7221
39,2737.14,2848.86,5586
40,3479.49,3621.51,7101
41,3986.15,4148.85,8135
42,3751.44,3904.56,7656
43,4528.09,4712.91,9241
44,4261.53,4435.47,8697
45,6045.62,6292.38,12338
46,3505.74,3368.26,6874
47,3627.12,3484.88,7112
48,4366.62,4195.38,8562
49,5047.98,4850.02,9898
50,3825.0,3675.0,7500
51,4476.78,4301.22,8778
52,4168.23,4004.77,8173
53,3713.31,3567.69,7281
54,3336.42,3205.58,6542
55,5876.73,5646.27,11523
56,6383.67,6133.33,12517
57,5342.76,5133.24,10476
58,4903.14,4710.86,9614
59,4970.97,4776.03,9747
60,4332.45,4162.55,8495
